baseline,baseline_context_length,baseline_mae,baseline_mase,baseline_mode,baseline_season_length,context_length,dataset,domain,empirical_coverage_90,excess_variance,failure_delta_005,flatness_score,forecast_variance_ratio,full_context_length,horizon,mae,mase,model,origin,over_smoothing,prediction_amplitude_ratio,regime,relative_error_ratio,rmse,run_id,series_id,spike_recall,window_index
auto_ets,182,119.97373650667669,0.6748578176676322,auto_ets,1,182,covid_deaths/D/short,Healthcare,0.3333333333333333,1,1,0.0,15.933954149970873,182,30,168.7959228515625,0.9494848743038027,moirai_1_1_base,182,0,3.7161348783047354,medium_snr_persistent,1.4069406168921594,203.41943292553327,moirai_1_1_base_scaling_covid_deaths_d_short_auto_ets_oral_sidecar_rerun_1783618740,T1,0.0,0
auto_ets,182,23.571151035411745,1.5117362689377027,auto_ets,1,182,covid_deaths/D/short,Healthcare,0.1,1,1,0.0,19.222584559112494,182,30,43.74052594502767,2.8052995542800754,moirai_1_1_base,182,0,1.2723538673527064,medium_snr_persistent,1.8556805257118303,51.9153721266419,moirai_1_1_base_scaling_covid_deaths_d_short_auto_ets_oral_sidecar_rerun_1783618740,T2,0.0,0
auto_ets,182,9.023695024118023,0.04718921226401749,auto_ets,1,182,covid_deaths/D/short,Healthcare,1.0,1,1,0.0,44.69080361107362,182,30,23.686187744140625,0.12386639156090815,moirai_1_1_base,182,0,1.059368489583231,medium_snr_persistent,2.624887884711406,29.180181737973548,moirai_1_1_base_scaling_covid_deaths_d_short_auto_ets_oral_sidecar_rerun_1783618740,T3,0.0,0
auto_ets,182,0.2999868891399698,0.02922949176235318,auto_ets,1,182,covid_deaths/D/short,Healthcare,1.0,0,0,0.0,1.0665899465872217,182,30,0.2866162618001302,0.027926712688215095,moirai_1_1_base,182,0,4.620330810412886,medium_snr_persistent,0.9554292943297384,0.3352871755501692,moirai_1_1_base_scaling_covid_deaths_d_short_auto_ets_oral_sidecar_rerun_1783618740,T4,0.0,0
auto_ets,182,24.364544754281447,6.26634653578651,auto_ets,1,182,covid_deaths/D/short,Healthcare,0.03333333333333333,0,1,0.33884083430004297,1.158974761152941,182,30,30.12818282445272,7.748703535221042,moirai_1_1_base,182,0,0.661159165699957,medium_snr_persistent,1.2365584142161008,34.8323686152231,moirai_1_1_base_scaling_covid_deaths_d_short_auto_ets_oral_sidecar_rerun_1783618740,T5,0.0,0
auto_ets,182,0.0,0.0,auto_ets,1,182,covid_deaths/D/short,Healthcare,1.0,1,1,0.0,62909699.77539401,182,30,0.004305597146352132,0.007271675180493543,moirai_1_1_base,182,0,6604872900.864174,medium_snr_persistent,4305597146.352132,0.0054114379559332855,moirai_1_1_base_scaling_covid_deaths_d_short_auto_ets_oral_sidecar_rerun_1783618740,T6,0.3333333333333333,0
auto_ets,182,657.3462976743956,2.023382216773816,auto_ets,1,182,covid_deaths/D/short,Healthcare,0.43333333333333335,1,1,0.17355303959739088,4.53929097942439,182,30,791.1966064453125,2.435387784364171,moirai_1_1_base,182,0,0.8264469604026091,medium_snr_persistent,1.2036222144164503,1050.909028580581,moirai_1_1_base_scaling_covid_deaths_d_short_auto_ets_oral_sidecar_rerun_1783618740,T7,0.6666666666666666,0
auto_ets,182,64.84442189770729,0.6455984887961886,auto_ets,1,182,covid_deaths/D/short,Healthcare,0.3,0,0,0.0,21.164383291778158,182,30,57.04187825520833,0.5679154709367643,moirai_1_1_base,182,0,2.1904808720451876,medium_snr_persistent,0.879672862920909,69.1712421382384,moirai_1_1_base_scaling_covid_deaths_d_short_auto_ets_oral_sidecar_rerun_1783618740,T8,0.0,0
